"0","#  title =  "" Logistic Regression Curve"","
"0","ggplot(data, aes(x = x, y = y)) +   "
"0","  geom_point(alpha = 0.2) +  "
"0","  stat_function(fun = function(x) 1 / (1 + exp(-1 - 0.5 * x)), color = ""blue"", size = 1) +   "
"0","  labs(x = ""Independent variable X"",   "
"0","       y = ""Binary dependent variable Y (observations at 0 or 1)"") +"
"0","  theme_minimal() +"
"0","  theme(axis.text.x = element_blank(),   "
"0","        axis.ticks.x = element_blank()) +   "
"0","  scale_y_continuous(labels = c(""0"", ""1""), breaks = c(0, 1), limits = c(0, 1))   "
