"0","summary(regmodel)"
"1","
Call:
"
"1",""
"1","lm(formula = partyid_num ~ attend_num, data = anes_20, weights = V200015b)"
"1",""
"1","

"
"1","Weighted "
"1",""
"1","Residuals:
"
"1","   Min "
"1","    1Q "
"1","Median "
"1","    3Q "
"1","   Max "
"1","
"
"1","-8.772 "
"1","-1.592 "
"1"," 0.008 "
"1"," 1.567 "
"1"," 8.487 "
"1","
"
"1","
Coefficients:
"
"1","           "
"1"," Estimate"
"1"," Std. Error"
"1"," t value"
"1"," Pr(>|t|)"
"1","    "
"1","
(Intercept)"
"1","   3.2127"
"1","     0.0615"
"1","    52.2"
"1","   <2e-16"
"1"," ***"
"1","
attend_num "
"1","   0.3877"
"1","     0.0286"
"1","    13.6"
"1","   <2e-16"
"1"," ***"
"1","
"
"1","---
Signif. codes:  "
"1",""
"1","0 ‘***’ 0.001 ‘**’ 0.01 ‘*’ 0.05 ‘.’ 0.1 ‘ ’ 1"
"1","
"
"1","
Residual standard error:"
"1"," "
"1","2.16"
"1"," "
"1","on"
"1"," "
"1","4723"
"1"," "
"1","degrees of freedom"
"1","
"
"1","  ("
"1",""
"1","58 observations deleted due to missingness"
"1",""
"1",")
"
"1","Multiple R-squared: "
"1"," "
"1","0.0376"
"1",",	Adjusted R-squared: "
"1"," "
"1","0.0374"
"1"," "
"1","
F-statistic:"
"1"," "
"1"," 184"
"1"," "
"1","on"
"1"," "
"1","1"
"1"," "
"1","and"
"1"," "
"1","4723"
"1"," "
"1","DF,  p-value:"
"1"," "
"1","<2e-16"
"1","
"
"1","
"
