"0","HS117_votes<-read_csv(file=""./data/ch7 data/HS117_votes.csv"")"
"2","Warning: [38;5;232mOne or more parsing issues, call `problems()` on your data frame for details, e.g.:
  dat <- vroom(...)
  problems(dat)[39m"
"2","[1mRows: [22m[34m524123[39m [1mColumns: [22m[34m6[39m"
"2","[36m──[39m [1mColumn specification[22m [36m─────────────────────────────────────────────────────────────────────────────────────────────────────────────────────────────────[39m
[1mDelimiter:[22m "",""
[31mchr[39m (1): chamber
[32mdbl[39m (5): congress, rollnumber, icpsr, cast_code, prob"
"2","
[36mℹ[39m Use `spec()` to retrieve the full column specification for this data.
[36mℹ[39m Specify the column types or set `show_col_types = FALSE` to quiet this message."
