"0","ggplot(dw_86) +"
"0","  geom_boxplot(aes(x = party, y = nominate_dim1)) +"
"0","  labs(title = ""Ideologies of Representatives to the U.S. House, \n 86th Congress (1959-1961)"","
"0","       x = ""Party"","
"0","       y = ""DW-NOMINATE Score (left (-1) to right (1))"") +"
"0","  theme_minimal() + "
"2","Error: Incomplete expression: ggplot(dw_86) +
  geom_boxplot(aes(x = party, y = nominate_dim1)) +
  labs(title = ""Ideologies of Representatives to the U.S. House, \n 86th Congress (1959-1961)"",
       x = ""Party"",
       y = ""DW-NOMINATE Score (left (-1) to right (1))"") +
  theme_minimal() + 
"
